Volume_ID,Slice_Index,GradCAM_Class_Index,GradCAM_Class_Name,NCR_NET_IoU,ED_IoU,ET_IoU,Mean_IoU,NCR_NET_Dice,ED_Dice,ET_Dice,Mean_Dice,True_Survival_Days,Predicted_Survival_Days,True_Priority,Predicted_Priority
41,32,1,NCR/NET,0.25699535105196547,0.02546496701197122,0.2592147628430006,0.18055836030231243,0.40890421883722783,0.049665211062590975,0.4117085829866809,0.29009267096216657,286.0,169.60731506347656,2,2
185,32,1,NCR/NET,0.3160516288271554,0.26649044900260804,0.2069388032946836,0.26316029370814903,0.48030278129561776,0.4208329391073983,0.34291515481942436,0.4146836250741468,362.0,166.20213317871094,1,2
40,32,1,NCR/NET,0.4733301572177227,0.3281864715089471,0.17998572351201605,0.3271674507462286,0.6425310103087449,0.49418734273975223,0.3050642392118454,0.4805941974201142,229.0,166.75462341308594,2,2
359,32,1,NCR/NET,0.2287936967037351,0.09942072725502604,0.24532217436121484,0.19117886610665866,0.37238748427417717,0.18086020172323714,0.3939898917917402,0.3157458592630515,456.0,167.9488525390625,1,2
