{
  "Swin-Transformer (Proposed)": {
    "train_loss": [
      2.0432347867717136,
      1.4776349815916507,
      1.1766928879821554,
      1.016552617416737,
      0.9452808792603776,
      0.8903001060194158,
      0.8644882427885178,
      0.8542369277553356,
      0.8415530381050516,
      0.8410313725471497
    ],
    "val_loss": [
      1.695253275810404,
      1.2942466127111556,
      1.0891725991634613,
      0.9866178917123917,
      0.9212608996857988,
      0.8844146195878374,
      0.8584239964789533,
      0.8519819321784567,
      0.8397368401923078,
      0.8447949651707994
    ],
    "dice_ncr": [
      1.0609599984321882e-10,
      0.35110730972676935,
      0.5295746650636025,
      0.5291370281313246,
      0.550271922816765,
      0.516753089943447,
      0.5501721581577034,
      0.5326254897132947,
      0.5512186011140271,
      0.5496417315077137
    ],
    "dice_ed": [
      0.29233182932380963,
      0.3799005725141851,
      0.34056968711664726,
      0.38926237324643265,
      0.3304016597336996,
      0.35372183484695713,
      0.32318072699452977,
      0.33524997554480407,
      0.36037324870763937,
      0.36582728645681684
    ],
    "dice_et": [
      1.5528929913029718e-05,
      0.2119453908239341,
      0.20253580391347598,
      0.25344647052591257,
      0.37933828334227937,
      0.38032135857338334,
      0.42876136242026,
      0.411719903029696,
      0.42031602993593603,
      0.3679825849169041
    ],
    "dice_mean": [
      0.09744911945327286,
      0.3143177576882961,
      0.35756005203124186,
      0.39061529063455663,
      0.42000395529758133,
      0.4169320944545959,
      0.4340380825241643,
      0.4265317894292649,
      0.44396929325253415,
      0.42781720096047826
    ],
    "survival_mae": [
      421.06645316265997,
      401.0264811820172,
      373.15203695094334,
      345.89964651554186,
      325.2666298074925,
      309.84986000872675,
      300.0952271806433,
      294.67366936866273,
      291.92116140812,
      291.12617914727394
    ],
    "priority_acc": [
      0.3404255319148936,
      0.3404255319148936,
      0.3404255319148936,
      0.3404255319148936,
      0.3404255319148936,
      0.3404255319148936,
      0.3404255319148936,
      0.3404255319148936,
      0.3404255319148936,
      0.3404255319148936
    ]
  },
  "3D-UNet": {
    "train_loss": [
      2.3612501938292323,
      2.212173658482572,
      2.154875189700025,
      2.1324106632394995,
      2.119406910018718,
      2.1105831785404936,
      2.1054670747290265,
      2.100939356266184,
      2.0985805626879346,
      2.0964183122553726
    ],
    "val_loss": [
      2.253516717160002,
      2.1609415094903173,
      2.134092015154818,
      2.1112019229442516,
      2.100170485516812,
      2.095138228954153,
      2.0901792670818087,
      2.0898069041840572,
      2.0870763126839984,
      2.0868630498013596
    ],
    "dice_ncr": [
      0.7890672540261281,
      0.8711547380681349,
      0.8918794905218511,
      0.9155167233162498,
      0.9305958216918451,
      0.935332261053975,
      0.9393524521144927,
      0.9453580536624022,
      0.943734438389678,
      0.9472304903358718
    ],
    "dice_ed": [
      0.679452131124368,
      0.7897580591470881,
      0.802173489743373,
      0.8551395370018745,
      0.8702755724240545,
      0.8827955778942463,
      0.8890400206211423,
      0.8834506278925786,
      0.8938123529964068,
      0.9002135015067683
    ],
    "dice_et": [
      0.7607306467781854,
      0.8216571002758806,
      0.802808543960827,
      0.8681900259266317,
      0.8883407670492632,
      0.8973135507258322,
      0.913805319477229,
      0.8981534896645451,
      0.9158445288455974,
      0.9169552339645117
    ],
    "dice_mean": [
      0.7430833439762272,
      0.8275232991637012,
      0.832287174742017,
      0.8796154287482519,
      0.8964040537217212,
      0.9051471298913513,
      0.9140659307376214,
      0.9089873904065087,
      0.9177971067438943,
      0.9214664086023837
    ],
    "survival_mae": [
      428.0,
      428.0,
      428.0,
      428.0,
      428.0,
      428.0,
      428.0,
      428.0,
      428.0,
      428.0
    ],
    "priority_acc": [
      0.23404255319148937,
      0.23404255319148937,
      0.23404255319148937,
      0.23404255319148937,
      0.23404255319148937,
      0.23404255319148937,
      0.23404255319148937,
      0.23404255319148937,
      0.23404255319148937,
      0.23404255319148937
    ]
  },
  "ResNet3D": {
    "train_loss": [
      1.6033545987720186,
      1.0828204437139186,
      0.9685019005803351,
      0.872647613921064,
      0.8617844773416824,
      0.812614453916854,
      0.8307636098817308,
      0.821901799199429,
      0.7437859875090579,
      0.7517182289602908
    ],
    "val_loss": [
      0.982445867771798,
      0.8331492872948342,
      0.8345237000191466,
      0.7945137023925781,
      0.9394654314568702,
      0.7644828374081469,
      0.9136721143063079,
      0.759225014676439,
      0.7617445993930736,
      0.7500389725603955
    ],
    "dice_ncr": [
      0.49448351471165986,
      0.18238920366150463,
      0.5150535425214311,
      0.48289689380540496,
      0.49239169574623953,
      0.5235377619759836,
      0.5138462172179038,
      0.5197801704510434,
      0.5061567146755404,
      0.5190357480250053
    ],
    "dice_ed": [
      0.10005405897715355,
      0.2928006600783244,
      0.21780747705681194,
      0.34059844289168023,
      0.3681427718698374,
      0.388724640269385,
      0.33839514826143957,
      0.39066138164936265,
      0.39643504362637905,
      0.37728352299507467
    ],
    "dice_et": [
      0.24175855052557305,
      0.4591132207906769,
      0.4732323852117087,
      0.4395998682309823,
      0.5454397112331234,
      0.5300662036868189,
      0.5608750442965607,
      0.549415736039638,
      0.521182342012011,
      0.5205476229552003
    ],
    "dice_mean": [
      0.27876537473812874,
      0.3114343615101686,
      0.4020311349299839,
      0.4210317349760226,
      0.4686580596164,
      0.4807762019773958,
      0.4710388032586347,
      0.48661909604668124,
      0.47459136677131014,
      0.4722889646584267
    ],
    "survival_mae": [
      283.3511099308095,
      222.07263832903922,
      252.63765343199384,
      226.5990990172041,
      225.12699338223072,
      227.0695729357131,
      237.0579684643035,
      237.91580394988364,
      224.90143731299867,
      225.0081566343916
    ],
    "priority_acc": [
      0.2978723404255319,
      0.23404255319148937,
      0.3191489361702128,
      0.2765957446808511,
      0.3404255319148936,
      0.40425531914893614,
      0.3404255319148936,
      0.3191489361702128,
      0.2978723404255319,
      0.2765957446808511
    ]
  }
}