{
  "train_loss": [
    2.3612501938292323,
    2.212173658482572,
    2.154875189700025,
    2.1324106632394995,
    2.119406910018718,
    2.1105831785404936,
    2.1054670747290265,
    2.100939356266184,
    2.0985805626879346,
    2.0964183122553726
  ],
  "val_loss": [
    2.253516717160002,
    2.1609415094903173,
    2.134092015154818,
    2.1112019229442516,
    2.100170485516812,
    2.095138228954153,
    2.0901792670818087,
    2.0898069041840572,
    2.0870763126839984,
    2.0868630498013596
  ],
  "dice_ncr": [
    0.7890672540261281,
    0.8711547380681349,
    0.8918794905218511,
    0.9155167233162498,
    0.9305958216918451,
    0.935332261053975,
    0.9393524521144927,
    0.9453580536624022,
    0.943734438389678,
    0.9472304903358718
  ],
  "dice_ed": [
    0.679452131124368,
    0.7897580591470881,
    0.802173489743373,
    0.8551395370018745,
    0.8702755724240545,
    0.8827955778942463,
    0.8890400206211423,
    0.8834506278925786,
    0.8938123529964068,
    0.9002135015067683
  ],
  "dice_et": [
    0.7607306467781854,
    0.8216571002758806,
    0.802808543960827,
    0.8681900259266317,
    0.8883407670492632,
    0.8973135507258322,
    0.913805319477229,
    0.8981534896645451,
    0.9158445288455974,
    0.9169552339645117
  ],
  "dice_mean": [
    0.7430833439762272,
    0.8275232991637012,
    0.832287174742017,
    0.8796154287482519,
    0.8964040537217212,
    0.9051471298913513,
    0.9140659307376214,
    0.9089873904065087,
    0.9177971067438943,
    0.9214664086023837
  ],
  "survival_mae": [
    428.0,
    428.0,
    428.0,
    428.0,
    428.0,
    428.0,
    428.0,
    428.0,
    428.0,
    428.0
  ],
  "priority_acc": [
    0.23404255319148937,
    0.23404255319148937,
    0.23404255319148937,
    0.23404255319148937,
    0.23404255319148937,
    0.23404255319148937,
    0.23404255319148937,
    0.23404255319148937,
    0.23404255319148937,
    0.23404255319148937
  ]
}