{
  "train_loss": [
    1.6033545987720186,
    1.0828204437139186,
    0.9685019005803351,
    0.872647613921064,
    0.8617844773416824,
    0.812614453916854,
    0.8307636098817308,
    0.821901799199429,
    0.7437859875090579,
    0.7517182289602908
  ],
  "val_loss": [
    0.982445867771798,
    0.8331492872948342,
    0.8345237000191466,
    0.7945137023925781,
    0.9394654314568702,
    0.7644828374081469,
    0.9136721143063079,
    0.759225014676439,
    0.7617445993930736,
    0.7500389725603955
  ],
  "dice_ncr": [
    0.49448351471165986,
    0.18238920366150463,
    0.5150535425214311,
    0.48289689380540496,
    0.49239169574623953,
    0.5235377619759836,
    0.5138462172179038,
    0.5197801704510434,
    0.5061567146755404,
    0.5190357480250053
  ],
  "dice_ed": [
    0.10005405897715355,
    0.2928006600783244,
    0.21780747705681194,
    0.34059844289168023,
    0.3681427718698374,
    0.388724640269385,
    0.33839514826143957,
    0.39066138164936265,
    0.39643504362637905,
    0.37728352299507467
  ],
  "dice_et": [
    0.24175855052557305,
    0.4591132207906769,
    0.4732323852117087,
    0.4395998682309823,
    0.5454397112331234,
    0.5300662036868189,
    0.5608750442965607,
    0.549415736039638,
    0.521182342012011,
    0.5205476229552003
  ],
  "dice_mean": [
    0.27876537473812874,
    0.3114343615101686,
    0.4020311349299839,
    0.4210317349760226,
    0.4686580596164,
    0.4807762019773958,
    0.4710388032586347,
    0.48661909604668124,
    0.47459136677131014,
    0.4722889646584267
  ],
  "survival_mae": [
    283.3511099308095,
    222.07263832903922,
    252.63765343199384,
    226.5990990172041,
    225.12699338223072,
    227.0695729357131,
    237.0579684643035,
    237.91580394988364,
    224.90143731299867,
    225.0081566343916
  ],
  "priority_acc": [
    0.2978723404255319,
    0.23404255319148937,
    0.3191489361702128,
    0.2765957446808511,
    0.3404255319148936,
    0.40425531914893614,
    0.3404255319148936,
    0.3191489361702128,
    0.2978723404255319,
    0.2765957446808511
  ]
}