{
  "train_loss": [
    2.0326129851189068,
    1.481193166622456,
    1.1815401036688622,
    1.0298911594647042,
    0.9420769357300819,
    0.8998610619851883,
    0.871530199780109,
    0.8634379426849649,
    0.8528471110349006,
    0.8480603401648238
  ],
  "val_loss": [
    1.6896064814100875,
    1.3003590753737917,
    1.0975052765075197,
    0.9932336667750744,
    0.9333738912927344,
    0.8918286739511693,
    0.8667492891879792,
    0.8578797788061994,
    0.846498264911327,
    0.8520711260907193
  ],
  "dice_ncr": [
    1.0609599984321882e-10,
    0.2678274146064884,
    0.54336053372212,
    0.47001084613318594,
    0.5372893403217778,
    0.5544964510711771,
    0.5619569378043734,
    0.533736920110909,
    0.554384985378351,
    0.5480032781868299
  ],
  "dice_ed": [
    0.25474825360364234,
    0.374983642259585,
    0.3490012689245269,
    0.33027888571776887,
    0.3510666857347268,
    0.3535046719908721,
    0.33767713499205493,
    0.3388309218249993,
    0.36841709249055715,
    0.3658041645790153
  ],
  "dice_et": [
    6.428020941129987e-05,
    0.3011775979090406,
    0.30541520884445855,
    0.2825208241017577,
    0.3648372073399947,
    0.3546252874048486,
    0.40275192675892124,
    0.4232112050208254,
    0.41247909029965424,
    0.36211447936153845
  ],
  "dice_mean": [
    0.0849375113063832,
    0.3146628849250381,
    0.3992590038303686,
    0.36093685198423753,
    0.417731077798833,
    0.4208754701556326,
    0.4341286665184499,
    0.4319263489855779,
    0.4450937227228541,
    0.4253073073757946
  ],
  "survival_mae": [
    420.7456331557416,
    401.124580667374,
    375.0207016315866,
    347.56666142889793,
    327.228359628231,
    312.61005352913065,
    303.2950708916847,
    298.1364174700798,
    295.4602067014004,
    294.6942969788896
  ],
  "priority_acc": [
    0.3404255319148936,
    0.3404255319148936,
    0.3404255319148936,
    0.3404255319148936,
    0.3404255319148936,
    0.3404255319148936,
    0.3404255319148936,
    0.3404255319148936,
    0.3404255319148936,
    0.3404255319148936
  ]
}