{
  "train_loss": [
    2.0432347867717136,
    1.4776349815916507,
    1.1766928879821554,
    1.016552617416737,
    0.9452808792603776,
    0.8903001060194158,
    0.8644882427885178,
    0.8542369277553356,
    0.8415530381050516,
    0.8410313725471497
  ],
  "val_loss": [
    1.695253275810404,
    1.2942466127111556,
    1.0891725991634613,
    0.9866178917123917,
    0.9212608996857988,
    0.8844146195878374,
    0.8584239964789533,
    0.8519819321784567,
    0.8397368401923078,
    0.8447949651707994
  ],
  "dice_ncr": [
    1.0609599984321882e-10,
    0.35110730972676935,
    0.5295746650636025,
    0.5291370281313246,
    0.550271922816765,
    0.516753089943447,
    0.5501721581577034,
    0.5326254897132947,
    0.5512186011140271,
    0.5496417315077137
  ],
  "dice_ed": [
    0.29233182932380963,
    0.3799005725141851,
    0.34056968711664726,
    0.38926237324643265,
    0.3304016597336996,
    0.35372183484695713,
    0.32318072699452977,
    0.33524997554480407,
    0.36037324870763937,
    0.36582728645681684
  ],
  "dice_et": [
    1.5528929913029718e-05,
    0.2119453908239341,
    0.20253580391347598,
    0.25344647052591257,
    0.37933828334227937,
    0.38032135857338334,
    0.42876136242026,
    0.411719903029696,
    0.42031602993593603,
    0.3679825849169041
  ],
  "dice_mean": [
    0.09744911945327286,
    0.3143177576882961,
    0.35756005203124186,
    0.39061529063455663,
    0.42000395529758133,
    0.4169320944545959,
    0.4340380825241643,
    0.4265317894292649,
    0.44396929325253415,
    0.42781720096047826
  ],
  "survival_mae": [
    421.06645316265997,
    401.0264811820172,
    373.15203695094334,
    345.89964651554186,
    325.2666298074925,
    309.84986000872675,
    300.0952271806433,
    294.67366936866273,
    291.92116140812,
    291.12617914727394
  ],
  "priority_acc": [
    0.3404255319148936,
    0.3404255319148936,
    0.3404255319148936,
    0.3404255319148936,
    0.3404255319148936,
    0.3404255319148936,
    0.3404255319148936,
    0.3404255319148936,
    0.3404255319148936,
    0.3404255319148936
  ]
}